{"count":1,"self":14.7911776,"total":17.5521346,"children":{"InitializeActuators":{"count":1,"self":0.0009243,"total":0.0009243,"children":null},"InitializeSensors":{"count":1,"self":0.0011872999999999999,"total":0.0011872999999999999,"children":null},"AgentSendState":{"count":625,"self":0.0015967,"total":0.0369219,"children":{"CollectObservations":{"count":625,"self":0.0242303,"total":0.0242303,"children":null},"WriteActionMask":{"count":625,"self":6.2099999999999992E-05,"total":6.2099999999999992E-05,"children":null},"RequestDecision":{"count":625,"self":0.011032799999999999,"total":0.011032799999999999,"children":null}}},"DecideAction":{"count":625,"self":2.717022,"total":2.7170218999999998,"children":null},"AgentAct":{"count":625,"self":0.0035126999999999997,"total":0.0035126999999999997,"children":null}},"gauges":{"SmartFlappyBirdPPO.CumulativeReward":{"count":14,"max":-0.5700002,"min":-0.580000162,"runningAverage":-0.57928586,"value":-0.580000162,"weightedAverage":-0.5797626}},"metadata":{"timer_format_version":"0.1.0","start_time_seconds":"1689000699","unity_version":"2022.2.13f1","command_line_arguments":"C:\\Program Files\\Unity\\Hub\\Editor\\2022.2.13f1\\Editor\\Unity.exe -projectpath C:\\Users\\Sonny\\Desktop\\Cinnamon\\SmartFlappyBird -useHub -hubIPC -cloudEnvironment production -licensingIpc LicenseClient-Sonny -hubSessionId 89649b50-fb1c-47c9-907e-095f96fe579e","communication_protocol_version":"1.5.0","com.unity.ml-agents_version":"2.0.1","scene_name":"Training","end_time_seconds":"1689000717"}}